<?xml version="1.0" encoding="UTF-8"?>
<preferences>
 <debug showDebugMenu="0" />
 <systemtable filter="All Interfaces">
  <columns>
   <connections preferredWidth="223" />
   <irq preferredWidth="34" />
  </columns>
 </systemtable>
 <library
   expandedCategories="Library/Interface Protocols/Serial,Library/Interface Protocols/Transceiver PHY,Library/Memory Interfaces and Controllers,Library/Basic Functions/Simulation; Debug and Verification,Library/Processors and Peripherals,Library/Basic Functions,Library/University Program/Bridges,Library/University Program,Library/University Program/Audio &amp; Video/Video,Library/Interface Protocols/PCI Express/Example Design Components,Library/Interface Protocols,Project,Library/University Program/Audio &amp; Video,Library/Memory Interfaces and Controllers/Memory Interfaces with UniPHY,Library/Basic Functions/Bridges and Adaptors/Clock,Library/Interface Protocols/Ethernet,Library,Library/Basic Functions/DMA,Library/Qsys Interconnect,Library/Basic Functions/Clocks; PLLs and Resets/PLL,Library/Basic Functions/Bridges and Adaptors/Reset,Library/Interface Protocols/Ethernet/1G Multi-rate Ethernet,Library/Tri-State Components,Library/Interface Protocols/Ethernet/Reference Design Components,Library/Basic Functions/Bridges and Adaptors/Streaming,Library/Memory Interfaces and Controllers/SDRAM,Library/Interface Protocols/SerialLite,Library/Processors and Peripherals/Hard Processor Components,Library/Interface Protocols/PCI Express,Library/Basic Functions/On Chip Memory,Library/DSP,Library/Basic Functions/Clocks; PLLs and Resets,Library/Basic Functions/Simulation; Debug and Verification/Debug and Performance,Library/Basic Functions/Bridges and Adaptors,Library/Processors and Peripherals/Co-Processors/Nios II Custom Instructions,Library/Basic Functions/DMA/mSGDMA Sub-core,Library/Processors and Peripherals/Peripherals,Library/Interface Protocols/RapidIO,Library/Interface Protocols/PCI Express/QSYS Example Designs,Library/DSP/Error Detection and Correction,Library/Processors and Peripherals/Inter-Process Communication,Library/Basic Functions/Bridges and Adaptors/Memory Mapped,Library/Basic Functions/Simulation; Debug and Verification/Verification,Library/Interface Protocols/Ethernet/10G to 1G Multi-rate Ethernet,Library/Basic Functions/Configuration and Programming,Library/Qsys Interconnect/Memory-Mapped,Library/Memory Interfaces and Controllers/Flash,Library/Basic Functions/Bridges and Adaptors/Interrupt,Library/Memory Interfaces and Controllers/Memory Interfaces with ALTMEMPHY,Library/DSP/Video and Image Processing,Library/DSP/Primitive DSP,Library/Basic Functions/Simulation; Debug and Verification/Simulation,Library/Processors and Peripherals/Co-Processors,Library/Interface Protocols/JESD,Library/Interface Protocols/Transceiver PLL,Library/Qsys Interconnect/Tri-State Components,Library/Processors and Peripherals/Embedded Processors,Library/Interface Protocols/Audio &amp; Video" />
 <window width="1850" height="1053" x="70" y="27" />
</preferences>
