{
	"partitions" : [
		{
			"name" : "Top",
			"pins" : [
				{
					"name" : "DRAM_ADDR[0]",
					"strict" : false
				},
				{
					"name" : "DRAM_ADDR[1]",
					"strict" : false
				},
				{
					"name" : "DRAM_ADDR[2]",
					"strict" : false
				},
				{
					"name" : "DRAM_ADDR[3]",
					"strict" : false
				},
				{
					"name" : "DRAM_ADDR[4]",
					"strict" : false
				},
				{
					"name" : "DRAM_ADDR[5]",
					"strict" : false
				},
				{
					"name" : "DRAM_ADDR[6]",
					"strict" : false
				},
				{
					"name" : "DRAM_ADDR[7]",
					"strict" : false
				},
				{
					"name" : "DRAM_ADDR[8]",
					"strict" : false
				},
				{
					"name" : "DRAM_ADDR[9]",
					"strict" : false
				},
				{
					"name" : "DRAM_ADDR[10]",
					"strict" : false
				},
				{
					"name" : "DRAM_ADDR[11]",
					"strict" : false
				},
				{
					"name" : "DRAM_ADDR[12]",
					"strict" : false
				},
				{
					"name" : "DRAM_BA[0]",
					"strict" : false
				},
				{
					"name" : "DRAM_BA[1]",
					"strict" : false
				},
				{
					"name" : "DRAM_CAS_N",
					"strict" : false
				},
				{
					"name" : "DRAM_CS_N",
					"strict" : false
				},
				{
					"name" : "DRAM_DQM[0]",
					"strict" : false
				},
				{
					"name" : "DRAM_DQM[1]",
					"strict" : false
				},
				{
					"name" : "DRAM_DQM[2]",
					"strict" : false
				},
				{
					"name" : "DRAM_DQM[3]",
					"strict" : false
				},
				{
					"name" : "DRAM_RAS_N",
					"strict" : false
				},
				{
					"name" : "DRAM_WE_N",
					"strict" : false
				},
				{
					"name" : "DRAM_DQ[0]",
					"strict" : false
				},
				{
					"name" : "DRAM_DQ[1]",
					"strict" : false
				},
				{
					"name" : "DRAM_DQ[2]",
					"strict" : false
				},
				{
					"name" : "DRAM_DQ[3]",
					"strict" : false
				},
				{
					"name" : "DRAM_DQ[4]",
					"strict" : false
				},
				{
					"name" : "DRAM_DQ[5]",
					"strict" : false
				},
				{
					"name" : "DRAM_DQ[6]",
					"strict" : false
				},
				{
					"name" : "DRAM_DQ[7]",
					"strict" : false
				},
				{
					"name" : "DRAM_DQ[8]",
					"strict" : false
				},
				{
					"name" : "DRAM_DQ[9]",
					"strict" : false
				},
				{
					"name" : "DRAM_DQ[10]",
					"strict" : false
				},
				{
					"name" : "DRAM_DQ[11]",
					"strict" : false
				},
				{
					"name" : "DRAM_DQ[12]",
					"strict" : false
				},
				{
					"name" : "DRAM_DQ[13]",
					"strict" : false
				},
				{
					"name" : "DRAM_DQ[14]",
					"strict" : false
				},
				{
					"name" : "DRAM_DQ[15]",
					"strict" : false
				},
				{
					"name" : "DRAM_DQ[16]",
					"strict" : false
				},
				{
					"name" : "DRAM_DQ[17]",
					"strict" : false
				},
				{
					"name" : "DRAM_DQ[18]",
					"strict" : false
				},
				{
					"name" : "DRAM_DQ[19]",
					"strict" : false
				},
				{
					"name" : "DRAM_DQ[20]",
					"strict" : false
				},
				{
					"name" : "DRAM_DQ[21]",
					"strict" : false
				},
				{
					"name" : "DRAM_DQ[22]",
					"strict" : false
				},
				{
					"name" : "DRAM_DQ[23]",
					"strict" : false
				},
				{
					"name" : "DRAM_DQ[24]",
					"strict" : false
				},
				{
					"name" : "DRAM_DQ[25]",
					"strict" : false
				},
				{
					"name" : "DRAM_DQ[26]",
					"strict" : false
				},
				{
					"name" : "DRAM_DQ[27]",
					"strict" : false
				},
				{
					"name" : "DRAM_DQ[28]",
					"strict" : false
				},
				{
					"name" : "DRAM_DQ[29]",
					"strict" : false
				},
				{
					"name" : "DRAM_DQ[30]",
					"strict" : false
				},
				{
					"name" : "DRAM_DQ[31]",
					"strict" : false
				},
				{
					"name" : "KEYS[0]",
					"strict" : false
				},
				{
					"name" : "KEYS[3]",
					"strict" : false
				},
				{
					"name" : "KEYS[2]",
					"strict" : false
				},
				{
					"name" : "KEYS[1]",
					"strict" : false
				},
				{
					"name" : "altera_reserved_tms",
					"strict" : false
				},
				{
					"name" : "altera_reserved_tck",
					"strict" : false
				},
				{
					"name" : "altera_reserved_tdi",
					"strict" : false
				},
				{
					"name" : "altera_reserved_tdo",
					"strict" : false
				}
			]
		}
	]
}